session_id,project_id,quest_id,user_id,user_sex,user_status,user_age,q_name,q_id,order,dv,starttime,endtime
20919,263,1448,19165,female,guest,20,native,92819901,1,1,2020-01-14T11:02:26Z,2020-01-14T11:02:58Z
20919,263,1448,19165,female,guest,20,employment,92819902,2,0,2020-01-14T11:02:26Z,2020-01-14T11:02:58Z
20919,263,1448,19165,female,guest,20,accom,92819904,3,1,2020-01-14T11:02:26Z,2020-01-14T11:02:58Z
20919,263,1448,19165,female,guest,20,year,92819905,4,1,2020-01-14T11:02:26Z,2020-01-14T11:02:58Z
20919,263,1448,19165,female,guest,20,mature,92819906,5,2,2020-01-14T11:02:26Z,2020-01-14T11:02:58Z
20919,263,1448,19165,female,guest,20,course,92819903,6,psychology,2020-01-14T11:02:26Z,2020-01-14T11:02:58Z
21110,263,1448,19345,male,guest,19,native,92819901,1,2,2020-01-15T00:21:13Z,2020-01-15T00:21:38Z
21110,263,1448,19345,male,guest,19,employment,92819902,2,0,2020-01-15T00:21:13Z,2020-01-15T00:21:38Z
21110,263,1448,19345,male,guest,19,accom,92819904,3,1,2020-01-15T00:21:13Z,2020-01-15T00:21:38Z
21110,263,1448,19345,male,guest,19,year,92819905,4,1,2020-01-15T00:21:13Z,2020-01-15T00:21:38Z
21110,263,1448,19345,male,guest,19,mature,92819906,5,2,2020-01-15T00:21:13Z,2020-01-15T00:21:38Z
21110,263,1448,19345,male,guest,19,course,92819903,6,psychology,2020-01-15T00:21:13Z,2020-01-15T00:21:38Z
21174,263,1448,19405,female,registered,26.2,native,92819901,1,1,2020-01-15T13:47:31Z,2020-01-15T13:48:08Z
21174,263,1448,19405,female,registered,26.2,employment,92819902,2,16,2020-01-15T13:47:31Z,2020-01-15T13:48:08Z
21174,263,1448,19405,female,registered,26.2,accom,92819904,3,2,2020-01-15T13:47:31Z,2020-01-15T13:48:08Z
21174,263,1448,19405,female,registered,26.2,year,92819905,4,6,2020-01-15T13:47:31Z,2020-01-15T13:48:08Z
21174,263,1448,19405,female,registered,26.2,mature,92819906,5,3,2020-01-15T13:47:31Z,2020-01-15T13:48:08Z
21174,263,1448,19405,female,registered,26.2,course,92819903,6,psychology,2020-01-15T13:47:31Z,2020-01-15T13:48:08Z
21202,263,1448,19426,female,registered,23.6,native,92819901,1,2,2020-01-15T16:52:39Z,2020-01-15T16:53:07Z
21202,263,1448,19426,female,registered,23.6,employment,92819902,2,4,2020-01-15T16:52:39Z,2020-01-15T16:53:07Z
21202,263,1448,19426,female,registered,23.6,accom,92819904,3,1,2020-01-15T16:52:39Z,2020-01-15T16:53:07Z
21202,263,1448,19426,female,registered,23.6,year,92819905,4,6,2020-01-15T16:52:39Z,2020-01-15T16:53:07Z
21202,263,1448,19426,female,registered,23.6,mature,92819906,5,3,2020-01-15T16:52:39Z,2020-01-15T16:53:07Z
21202,263,1448,19426,female,registered,23.6,course,92819903,6,psychology,2020-01-15T16:52:39Z,2020-01-15T16:53:07Z
21342,263,1448,19554,female,registered,22,native,92819901,1,2,2020-01-16T13:47:21Z,2020-01-16T13:48:23Z
21342,263,1448,19554,female,registered,22,employment,92819902,2,3,2020-01-16T13:47:21Z,2020-01-16T13:48:23Z
21342,263,1448,19554,female,registered,22,accom,92819904,3,2,2020-01-16T13:47:21Z,2020-01-16T13:48:23Z
21342,263,1448,19554,female,registered,22,year,92819905,4,1,2020-01-16T13:47:21Z,2020-01-16T13:48:23Z
21342,263,1448,19554,female,registered,22,mature,92819906,5,3,2020-01-16T13:47:21Z,2020-01-16T13:48:23Z
21342,263,1448,19554,female,registered,22,course,92819903,6,psychology,2020-01-16T13:47:21Z,2020-01-16T13:48:23Z
35080,263,1448,19554,female,registered,22.3,native,92819901,1,2,2020-04-21T00:51:12Z,2020-04-21T00:51:54Z
35080,263,1448,19554,female,registered,22.3,employment,92819902,2,2,2020-04-21T00:51:12Z,2020-04-21T00:51:54Z
35080,263,1448,19554,female,registered,22.3,accom,92819904,3,2,2020-04-21T00:51:12Z,2020-04-21T00:51:54Z
35080,263,1448,19554,female,registered,22.3,year,92819905,4,6,2020-04-21T00:51:12Z,2020-04-21T00:51:54Z
35080,263,1448,19554,female,registered,22.3,mature,92819906,5,3,2020-04-21T00:51:12Z,2020-04-21T00:51:54Z
35080,263,1448,19554,female,registered,22.3,course,92819903,6,psychology,2020-04-21T00:51:12Z,2020-04-21T00:51:54Z
35294,263,1448,19554,female,registered,22.3,native,92819901,1,2,2020-04-24T02:01:29Z,2020-04-24T02:01:45Z
35294,263,1448,19554,female,registered,22.3,employment,92819902,2,4,2020-04-24T02:01:29Z,2020-04-24T02:01:45Z
35294,263,1448,19554,female,registered,22.3,accom,92819904,3,2,2020-04-24T02:01:29Z,2020-04-24T02:01:45Z
35294,263,1448,19554,female,registered,22.3,year,92819905,4,6,2020-04-24T02:01:29Z,2020-04-24T02:01:45Z
35294,263,1448,19554,female,registered,22.3,mature,92819906,5,3,2020-04-24T02:01:29Z,2020-04-24T02:01:45Z
35294,263,1448,19554,female,registered,22.3,course,92819903,6,NA,2020-04-24T02:01:29Z,2020-04-24T02:01:45Z
22103,263,1448,20268,male,guest,18,native,92819901,1,1,2020-01-20T19:44:07Z,2020-01-20T19:44:52Z
22103,263,1448,20268,male,guest,18,employment,92819902,2,0,2020-01-20T19:44:07Z,2020-01-20T19:44:52Z
22103,263,1448,20268,male,guest,18,accom,92819904,3,1,2020-01-20T19:44:07Z,2020-01-20T19:44:52Z
22103,263,1448,20268,male,guest,18,year,92819905,4,1,2020-01-20T19:44:07Z,2020-01-20T19:44:52Z
22103,263,1448,20268,male,guest,18,mature,92819906,5,3,2020-01-20T19:44:07Z,2020-01-20T19:44:52Z
22103,263,1448,20268,male,guest,18,course,92819903,6,psychology,2020-01-20T19:44:07Z,2020-01-20T19:44:52Z
22256,263,1448,20420,female,registered,27.2,native,92819901,1,1,2020-01-21T16:52:00Z,2020-01-21T16:52:46Z
22256,263,1448,20420,female,registered,27.2,employment,92819902,2,0,2020-01-21T16:52:00Z,2020-01-21T16:52:46Z
22256,263,1448,20420,female,registered,27.2,accom,92819904,3,1,2020-01-21T16:52:00Z,2020-01-21T16:52:46Z
22256,263,1448,20420,female,registered,27.2,year,92819905,4,6,2020-01-21T16:52:00Z,2020-01-21T16:52:46Z
22256,263,1448,20420,female,registered,27.2,mature,92819906,5,3,2020-01-21T16:52:00Z,2020-01-21T16:52:46Z
22256,263,1448,20420,female,registered,27.2,course,92819903,6,psychology,2020-01-21T16:52:00Z,2020-01-21T16:52:46Z
25167,263,1448,23061,male,guest,18,native,92819901,1,1,2020-02-11T11:20:14Z,2020-02-11T11:20:56Z
25167,263,1448,23061,male,guest,18,employment,92819902,2,16,2020-02-11T11:20:14Z,2020-02-11T11:20:56Z
25167,263,1448,23061,male,guest,18,accom,92819904,3,3,2020-02-11T11:20:14Z,2020-02-11T11:20:56Z
25167,263,1448,23061,male,guest,18,year,92819905,4,1,2020-02-11T11:20:14Z,2020-02-11T11:20:56Z
25167,263,1448,23061,male,guest,18,mature,92819906,5,2,2020-02-11T11:20:14Z,2020-02-11T11:20:56Z
25167,263,1448,23061,male,guest,18,course,92819903,6,Economics,2020-02-11T11:20:14Z,2020-02-11T11:20:56Z
25185,263,1448,23079,female,guest,19,native,92819901,1,1,2020-02-11T12:20:53Z,2020-02-11T12:21:08Z
25185,263,1448,23079,female,guest,19,employment,92819902,2,0,2020-02-11T12:20:53Z,2020-02-11T12:21:08Z
25185,263,1448,23079,female,guest,19,accom,92819904,3,1,2020-02-11T12:20:53Z,2020-02-11T12:21:08Z
25185,263,1448,23079,female,guest,19,year,92819905,4,1,2020-02-11T12:20:53Z,2020-02-11T12:21:08Z
25185,263,1448,23079,female,guest,19,mature,92819906,5,2,2020-02-11T12:20:53Z,2020-02-11T12:21:08Z
25185,263,1448,23079,female,guest,19,course,92819903,6,biology,2020-02-11T12:20:53Z,2020-02-11T12:21:08Z
25264,263,1448,23154,female,guest,25,native,92819901,1,1,2020-02-11T18:14:49Z,2020-02-11T18:16:21Z
25264,263,1448,23154,female,guest,25,employment,92819902,2,35,2020-02-11T18:14:49Z,2020-02-11T18:16:21Z
25264,263,1448,23154,female,guest,25,accom,92819904,3,2,2020-02-11T18:14:49Z,2020-02-11T18:16:21Z
25264,263,1448,23154,female,guest,25,year,92819905,4,6,2020-02-11T18:14:49Z,2020-02-11T18:16:21Z
25264,263,1448,23154,female,guest,25,mature,92819906,5,3,2020-02-11T18:14:49Z,2020-02-11T18:16:21Z
25264,263,1448,23154,female,guest,25,course,92819903,6,Business Management,2020-02-11T18:14:49Z,2020-02-11T18:16:21Z
25483,263,1448,23315,female,guest,18,native,92819901,1,1,2020-02-12T23:47:15Z,2020-02-12T23:48:19Z
25483,263,1448,23315,female,guest,18,employment,92819902,2,39,2020-02-12T23:47:15Z,2020-02-12T23:48:19Z
25483,263,1448,23315,female,guest,18,accom,92819904,3,4,2020-02-12T23:47:15Z,2020-02-12T23:48:19Z
25483,263,1448,23315,female,guest,18,year,92819905,4,NULL,2020-02-12T23:47:15Z,2020-02-12T23:48:19Z
25483,263,1448,23315,female,guest,18,mature,92819906,5,NULL,2020-02-12T23:47:15Z,2020-02-12T23:48:19Z
25483,263,1448,23315,female,guest,18,course,92819903,6,NA,2020-02-12T23:47:15Z,2020-02-12T23:48:19Z
25617,263,1448,23405,female,guest,21,native,92819901,1,1,2020-02-13T15:29:49Z,2020-02-13T15:30:37Z
25617,263,1448,23405,female,guest,21,employment,92819902,2,2,2020-02-13T15:29:49Z,2020-02-13T15:30:37Z
25617,263,1448,23405,female,guest,21,accom,92819904,3,2,2020-02-13T15:29:49Z,2020-02-13T15:30:37Z
25617,263,1448,23405,female,guest,21,year,92819905,4,4,2020-02-13T15:29:49Z,2020-02-13T15:30:37Z
25617,263,1448,23405,female,guest,21,mature,92819906,5,2,2020-02-13T15:29:49Z,2020-02-13T15:30:37Z
25617,263,1448,23405,female,guest,21,course,92819903,6,Veterinary Bioscience,2020-02-13T15:29:49Z,2020-02-13T15:30:37Z
25664,263,1448,23452,NA,guest,NA,native,92819901,1,1,2020-02-13T19:46:08Z,2020-02-13T19:47:24Z
25664,263,1448,23452,NA,guest,NA,employment,92819902,2,0,2020-02-13T19:46:08Z,2020-02-13T19:47:24Z
25664,263,1448,23452,NA,guest,NA,accom,92819904,3,4,2020-02-13T19:46:08Z,2020-02-13T19:47:24Z
25664,263,1448,23452,NA,guest,NA,year,92819905,4,2,2020-02-13T19:46:08Z,2020-02-13T19:47:24Z
25664,263,1448,23452,NA,guest,NA,mature,92819906,5,1,2020-02-13T19:46:08Z,2020-02-13T19:47:24Z
25664,263,1448,23452,NA,guest,NA,course,92819903,6,History,2020-02-13T19:46:08Z,2020-02-13T19:47:24Z
25795,263,1448,23584,female,guest,18,native,92819901,1,1,2020-02-14T16:46:00Z,2020-02-14T16:46:56Z
25795,263,1448,23584,female,guest,18,employment,92819902,2,0,2020-02-14T16:46:00Z,2020-02-14T16:46:56Z
25795,263,1448,23584,female,guest,18,accom,92819904,3,1,2020-02-14T16:46:00Z,2020-02-14T16:46:56Z
25795,263,1448,23584,female,guest,18,year,92819905,4,1,2020-02-14T16:46:00Z,2020-02-14T16:46:56Z
25795,263,1448,23584,female,guest,18,mature,92819906,5,2,2020-02-14T16:46:00Z,2020-02-14T16:46:56Z
25795,263,1448,23584,female,guest,18,course,92819903,6,Business,2020-02-14T16:46:00Z,2020-02-14T16:46:56Z
26056,263,1448,23805,female,registered,22.6,native,92819901,1,1,2020-02-16T19:38:06Z,2020-02-16T19:38:47Z
26056,263,1448,23805,female,registered,22.6,employment,92819902,2,0,2020-02-16T19:38:06Z,2020-02-16T19:38:47Z
26056,263,1448,23805,female,registered,22.6,accom,92819904,3,4,2020-02-16T19:38:06Z,2020-02-16T19:38:47Z
26056,263,1448,23805,female,registered,22.6,year,92819905,4,6,2020-02-16T19:38:06Z,2020-02-16T19:38:47Z
26056,263,1448,23805,female,registered,22.6,mature,92819906,5,3,2020-02-16T19:38:06Z,2020-02-16T19:38:47Z
26056,263,1448,23805,female,registered,22.6,course,92819903,6,Psychology,2020-02-16T19:38:06Z,2020-02-16T19:38:47Z
28878,263,1448,23805,female,registered,22.7,native,92819901,1,NULL,2020-02-23T16:38:05Z,2020-02-23T16:38:12Z
28878,263,1448,23805,female,registered,22.7,employment,92819902,2,NULL,2020-02-23T16:38:05Z,2020-02-23T16:38:12Z
28878,263,1448,23805,female,registered,22.7,accom,92819904,3,NULL,2020-02-23T16:38:05Z,2020-02-23T16:38:12Z
28878,263,1448,23805,female,registered,22.7,year,92819905,4,NULL,2020-02-23T16:38:05Z,2020-02-23T16:38:12Z
28878,263,1448,23805,female,registered,22.7,mature,92819906,5,NULL,2020-02-23T16:38:05Z,2020-02-23T16:38:12Z
28878,263,1448,23805,female,registered,22.7,course,92819903,6,NA,2020-02-23T16:38:05Z,2020-02-23T16:38:12Z
35075,263,1448,23805,female,registered,22.8,native,92819901,1,NULL,2020-04-20T16:03:46Z,2020-04-20T16:08:47Z
35075,263,1448,23805,female,registered,22.8,employment,92819902,2,NULL,2020-04-20T16:03:46Z,2020-04-20T16:08:47Z
35075,263,1448,23805,female,registered,22.8,accom,92819904,3,NULL,2020-04-20T16:03:46Z,2020-04-20T16:08:47Z
35075,263,1448,23805,female,registered,22.8,year,92819905,4,NULL,2020-04-20T16:03:46Z,2020-04-20T16:08:47Z
35075,263,1448,23805,female,registered,22.8,mature,92819906,5,NULL,2020-04-20T16:03:46Z,2020-04-20T16:08:47Z
35075,263,1448,23805,female,registered,22.8,course,92819903,6,NA,2020-04-20T16:03:46Z,2020-04-20T16:08:47Z
26299,263,1448,24018,female,guest,18,native,92819901,1,1,2020-02-17T13:03:04Z,2020-02-17T13:03:40Z
26299,263,1448,24018,female,guest,18,employment,92819902,2,0,2020-02-17T13:03:04Z,2020-02-17T13:03:40Z
26299,263,1448,24018,female,guest,18,accom,92819904,3,1,2020-02-17T13:03:04Z,2020-02-17T13:03:40Z
26299,263,1448,24018,female,guest,18,year,92819905,4,1,2020-02-17T13:03:04Z,2020-02-17T13:03:40Z
26299,263,1448,24018,female,guest,18,mature,92819906,5,2,2020-02-17T13:03:04Z,2020-02-17T13:03:40Z
26299,263,1448,24018,female,guest,18,course,92819903,6,Geography,2020-02-17T13:03:04Z,2020-02-17T13:03:40Z
26318,263,1448,24033,female,guest,18,native,92819901,1,1,2020-02-17T13:35:14Z,2020-02-17T13:36:15Z
26318,263,1448,24033,female,guest,18,employment,92819902,2,8,2020-02-17T13:35:14Z,2020-02-17T13:36:15Z
26318,263,1448,24033,female,guest,18,accom,92819904,3,1,2020-02-17T13:35:14Z,2020-02-17T13:36:15Z
26318,263,1448,24033,female,guest,18,year,92819905,4,1,2020-02-17T13:35:14Z,2020-02-17T13:36:15Z
26318,263,1448,24033,female,guest,18,mature,92819906,5,2,2020-02-17T13:35:14Z,2020-02-17T13:36:15Z
26318,263,1448,24033,female,guest,18,course,92819903,6,Biomedical science,2020-02-17T13:35:14Z,2020-02-17T13:36:15Z
26355,263,1448,24069,female,guest,18,native,92819901,1,1,2020-02-17T14:28:51Z,2020-02-17T14:33:06Z
26355,263,1448,24069,female,guest,18,employment,92819902,2,0,2020-02-17T14:28:51Z,2020-02-17T14:33:06Z
26355,263,1448,24069,female,guest,18,accom,92819904,3,3,2020-02-17T14:28:51Z,2020-02-17T14:33:06Z
26355,263,1448,24069,female,guest,18,year,92819905,4,1,2020-02-17T14:28:51Z,2020-02-17T14:33:06Z
26355,263,1448,24069,female,guest,18,mature,92819906,5,2,2020-02-17T14:28:51Z,2020-02-17T14:33:06Z
26355,263,1448,24069,female,guest,18,course,92819903,6,Psychology,2020-02-17T14:28:51Z,2020-02-17T14:33:06Z
26387,263,1448,24097,male,guest,18,native,92819901,1,1,2020-02-17T15:06:03Z,2020-02-17T15:07:00Z
26387,263,1448,24097,male,guest,18,employment,92819902,2,10,2020-02-17T15:06:03Z,2020-02-17T15:07:00Z
26387,263,1448,24097,male,guest,18,accom,92819904,3,3,2020-02-17T15:06:03Z,2020-02-17T15:07:00Z
26387,263,1448,24097,male,guest,18,year,92819905,4,1,2020-02-17T15:06:03Z,2020-02-17T15:07:00Z
26387,263,1448,24097,male,guest,18,mature,92819906,5,2,2020-02-17T15:06:03Z,2020-02-17T15:07:00Z
26387,263,1448,24097,male,guest,18,course,92819903,6,Geography,2020-02-17T15:06:03Z,2020-02-17T15:07:00Z
26403,263,1448,24113,female,guest,19,native,92819901,1,1,2020-02-17T15:16:26Z,2020-02-17T15:17:32Z
26403,263,1448,24113,female,guest,19,employment,92819902,2,16,2020-02-17T15:16:26Z,2020-02-17T15:17:32Z
26403,263,1448,24113,female,guest,19,accom,92819904,3,2,2020-02-17T15:16:26Z,2020-02-17T15:17:32Z
26403,263,1448,24113,female,guest,19,year,92819905,4,2,2020-02-17T15:16:26Z,2020-02-17T15:17:32Z
26403,263,1448,24113,female,guest,19,mature,92819906,5,2,2020-02-17T15:16:26Z,2020-02-17T15:17:32Z
26403,263,1448,24113,female,guest,19,course,92819903,6,International Business,2020-02-17T15:16:26Z,2020-02-17T15:17:32Z
26473,263,1448,24168,female,guest,18,native,92819901,1,1,2020-02-17T17:16:46Z,2020-02-17T17:17:31Z
26473,263,1448,24168,female,guest,18,employment,92819902,2,0,2020-02-17T17:16:46Z,2020-02-17T17:17:31Z
26473,263,1448,24168,female,guest,18,accom,92819904,3,1,2020-02-17T17:16:46Z,2020-02-17T17:17:31Z
26473,263,1448,24168,female,guest,18,year,92819905,4,1,2020-02-17T17:16:46Z,2020-02-17T17:17:31Z
26473,263,1448,24168,female,guest,18,mature,92819906,5,2,2020-02-17T17:16:46Z,2020-02-17T17:17:31Z
26473,263,1448,24168,female,guest,18,course,92819903,6,law,2020-02-17T17:16:46Z,2020-02-17T17:17:31Z
26485,263,1448,24174,female,guest,20,native,92819901,1,1,2020-02-17T17:39:48Z,2020-02-17T17:40:51Z
26485,263,1448,24174,female,guest,20,employment,92819902,2,0,2020-02-17T17:39:48Z,2020-02-17T17:40:51Z
26485,263,1448,24174,female,guest,20,accom,92819904,3,2,2020-02-17T17:39:48Z,2020-02-17T17:40:51Z
26485,263,1448,24174,female,guest,20,year,92819905,4,2,2020-02-17T17:39:48Z,2020-02-17T17:40:51Z
26485,263,1448,24174,female,guest,20,mature,92819906,5,2,2020-02-17T17:39:48Z,2020-02-17T17:40:51Z
26485,263,1448,24174,female,guest,20,course,92819903,6,Sociology,2020-02-17T17:39:48Z,2020-02-17T17:40:51Z
26576,263,1448,24260,female,guest,18,native,92819901,1,1,2020-02-17T20:37:35Z,2020-02-17T20:38:36Z
26576,263,1448,24260,female,guest,18,employment,92819902,2,8,2020-02-17T20:37:35Z,2020-02-17T20:38:36Z
26576,263,1448,24260,female,guest,18,accom,92819904,3,3,2020-02-17T20:37:35Z,2020-02-17T20:38:36Z
26576,263,1448,24260,female,guest,18,year,92819905,4,1,2020-02-17T20:37:35Z,2020-02-17T20:38:36Z
26576,263,1448,24260,female,guest,18,mature,92819906,5,2,2020-02-17T20:37:35Z,2020-02-17T20:38:36Z
26576,263,1448,24260,female,guest,18,course,92819903,6,biology,2020-02-17T20:37:35Z,2020-02-17T20:38:36Z
26627,263,1448,24307,female,guest,21,native,92819901,1,1,2020-02-17T22:26:19Z,2020-02-17T22:27:36Z
26627,263,1448,24307,female,guest,21,employment,92819902,2,0,2020-02-17T22:26:19Z,2020-02-17T22:27:36Z
26627,263,1448,24307,female,guest,21,accom,92819904,3,3,2020-02-17T22:26:19Z,2020-02-17T22:27:36Z
26627,263,1448,24307,female,guest,21,year,92819905,4,3,2020-02-17T22:26:19Z,2020-02-17T22:27:36Z
26627,263,1448,24307,female,guest,21,mature,92819906,5,2,2020-02-17T22:26:19Z,2020-02-17T22:27:36Z
26627,263,1448,24307,female,guest,21,course,92819903,6,Languages,2020-02-17T22:26:19Z,2020-02-17T22:27:36Z
26681,263,1448,24349,female,guest,20,native,92819901,1,1,2020-02-18T00:46:10Z,2020-02-18T00:46:44Z
26681,263,1448,24349,female,guest,20,employment,92819902,2,20,2020-02-18T00:46:10Z,2020-02-18T00:46:44Z
26681,263,1448,24349,female,guest,20,accom,92819904,3,3,2020-02-18T00:46:10Z,2020-02-18T00:46:44Z
26681,263,1448,24349,female,guest,20,year,92819905,4,3,2020-02-18T00:46:10Z,2020-02-18T00:46:44Z
26681,263,1448,24349,female,guest,20,mature,92819906,5,2,2020-02-18T00:46:10Z,2020-02-18T00:46:44Z
26681,263,1448,24349,female,guest,20,course,92819903,6,English Literature,2020-02-18T00:46:10Z,2020-02-18T00:46:44Z
26940,263,1448,24545,male,guest,21,native,92819901,1,1,2020-02-18T15:01:36Z,2020-02-18T15:02:11Z
26940,263,1448,24545,male,guest,21,employment,92819902,2,20,2020-02-18T15:01:36Z,2020-02-18T15:02:11Z
26940,263,1448,24545,male,guest,21,accom,92819904,3,3,2020-02-18T15:01:36Z,2020-02-18T15:02:11Z
26940,263,1448,24545,male,guest,21,year,92819905,4,1,2020-02-18T15:01:36Z,2020-02-18T15:02:11Z
26940,263,1448,24545,male,guest,21,mature,92819906,5,1,2020-02-18T15:01:36Z,2020-02-18T15:02:11Z
26940,263,1448,24545,male,guest,21,course,92819903,6,Psychology,2020-02-18T15:01:36Z,2020-02-18T15:02:11Z
27017,263,1448,24637,male,guest,18,native,92819901,1,1,2020-02-18T16:32:36Z,2020-02-18T16:33:35Z
27017,263,1448,24637,male,guest,18,employment,92819902,2,0,2020-02-18T16:32:36Z,2020-02-18T16:33:35Z
27017,263,1448,24637,male,guest,18,accom,92819904,3,3,2020-02-18T16:32:36Z,2020-02-18T16:33:35Z
27017,263,1448,24637,male,guest,18,year,92819905,4,1,2020-02-18T16:32:36Z,2020-02-18T16:33:35Z
27017,263,1448,24637,male,guest,18,mature,92819906,5,2,2020-02-18T16:32:36Z,2020-02-18T16:33:35Z
27017,263,1448,24637,male,guest,18,course,92819903,6,English Language,2020-02-18T16:32:36Z,2020-02-18T16:33:35Z
27045,263,1448,24655,female,guest,18,native,92819901,1,2,2020-02-18T16:52:59Z,2020-02-18T16:54:28Z
27045,263,1448,24655,female,guest,18,employment,92819902,2,0,2020-02-18T16:52:59Z,2020-02-18T16:54:28Z
27045,263,1448,24655,female,guest,18,accom,92819904,3,2,2020-02-18T16:52:59Z,2020-02-18T16:54:28Z
27045,263,1448,24655,female,guest,18,year,92819905,4,1,2020-02-18T16:52:59Z,2020-02-18T16:54:28Z
27045,263,1448,24655,female,guest,18,mature,92819906,5,2,2020-02-18T16:52:59Z,2020-02-18T16:54:28Z
27045,263,1448,24655,female,guest,18,course,92819903,6,History,2020-02-18T16:52:59Z,2020-02-18T16:54:28Z
27045,263,1448,24655,female,guest,18,native,92819901,1,2,2020-02-18T17:00:08Z,2020-02-18T17:00:15Z
27045,263,1448,24655,female,guest,18,employment,92819902,2,0,2020-02-18T17:00:08Z,2020-02-18T17:00:15Z
27045,263,1448,24655,female,guest,18,accom,92819904,3,2,2020-02-18T17:00:08Z,2020-02-18T17:00:15Z
27045,263,1448,24655,female,guest,18,year,92819905,4,1,2020-02-18T17:00:08Z,2020-02-18T17:00:15Z
27045,263,1448,24655,female,guest,18,mature,92819906,5,2,2020-02-18T17:00:08Z,2020-02-18T17:00:15Z
27045,263,1448,24655,female,guest,18,course,92819903,6,History,2020-02-18T17:00:08Z,2020-02-18T17:00:15Z
27057,263,1448,24655,female,guest,18,native,92819901,1,2,2020-02-18T17:03:52Z,2020-02-18T17:04:24Z
27057,263,1448,24655,female,guest,18,employment,92819902,2,0,2020-02-18T17:03:52Z,2020-02-18T17:04:24Z
27057,263,1448,24655,female,guest,18,accom,92819904,3,2,2020-02-18T17:03:52Z,2020-02-18T17:04:24Z
27057,263,1448,24655,female,guest,18,year,92819905,4,1,2020-02-18T17:03:52Z,2020-02-18T17:04:24Z
27057,263,1448,24655,female,guest,18,mature,92819906,5,2,2020-02-18T17:03:52Z,2020-02-18T17:04:24Z
27057,263,1448,24655,female,guest,18,course,92819903,6,History,2020-02-18T17:03:52Z,2020-02-18T17:04:24Z
27093,263,1448,24704,male,guest,19,native,92819901,1,1,2020-02-18T18:14:57Z,2020-02-18T18:16:21Z
27093,263,1448,24704,male,guest,19,employment,92819902,2,9,2020-02-18T18:14:57Z,2020-02-18T18:16:21Z
27093,263,1448,24704,male,guest,19,accom,92819904,3,1,2020-02-18T18:14:57Z,2020-02-18T18:16:21Z
27093,263,1448,24704,male,guest,19,year,92819905,4,1,2020-02-18T18:14:57Z,2020-02-18T18:16:21Z
27093,263,1448,24704,male,guest,19,mature,92819906,5,2,2020-02-18T18:14:57Z,2020-02-18T18:16:21Z
27093,263,1448,24704,male,guest,19,course,92819903,6,Economics,2020-02-18T18:14:57Z,2020-02-18T18:16:21Z
27131,263,1448,24739,female,guest,18,native,92819901,1,2,2020-02-18T19:30:34Z,2020-02-18T19:31:23Z
27131,263,1448,24739,female,guest,18,employment,92819902,2,0,2020-02-18T19:30:34Z,2020-02-18T19:31:23Z
27131,263,1448,24739,female,guest,18,accom,92819904,3,1,2020-02-18T19:30:34Z,2020-02-18T19:31:23Z
27131,263,1448,24739,female,guest,18,year,92819905,4,1,2020-02-18T19:30:34Z,2020-02-18T19:31:23Z
27131,263,1448,24739,female,guest,18,mature,92819906,5,2,2020-02-18T19:30:34Z,2020-02-18T19:31:23Z
27131,263,1448,24739,female,guest,18,course,92819903,6,"Philosophy, Politics, Economics",2020-02-18T19:30:34Z,2020-02-18T19:31:23Z
27131,263,1448,24739,female,guest,18,native,92819901,1,2,2020-02-18T19:33:46Z,2020-02-18T19:33:57Z
27131,263,1448,24739,female,guest,18,employment,92819902,2,0,2020-02-18T19:33:46Z,2020-02-18T19:33:57Z
27131,263,1448,24739,female,guest,18,accom,92819904,3,1,2020-02-18T19:33:46Z,2020-02-18T19:33:57Z
27131,263,1448,24739,female,guest,18,year,92819905,4,1,2020-02-18T19:33:46Z,2020-02-18T19:33:57Z
27131,263,1448,24739,female,guest,18,mature,92819906,5,2,2020-02-18T19:33:46Z,2020-02-18T19:33:57Z
27131,263,1448,24739,female,guest,18,course,92819903,6,Politics,2020-02-18T19:33:46Z,2020-02-18T19:33:57Z
27139,263,1448,24739,female,guest,18,native,92819901,1,2,2020-02-18T19:34:38Z,2020-02-18T19:34:51Z
27139,263,1448,24739,female,guest,18,employment,92819902,2,0,2020-02-18T19:34:38Z,2020-02-18T19:34:51Z
27139,263,1448,24739,female,guest,18,accom,92819904,3,1,2020-02-18T19:34:38Z,2020-02-18T19:34:51Z
27139,263,1448,24739,female,guest,18,year,92819905,4,1,2020-02-18T19:34:38Z,2020-02-18T19:34:51Z
27139,263,1448,24739,female,guest,18,mature,92819906,5,2,2020-02-18T19:34:38Z,2020-02-18T19:34:51Z
27139,263,1448,24739,female,guest,18,course,92819903,6,Politics,2020-02-18T19:34:38Z,2020-02-18T19:34:51Z
27147,263,1448,24750,male,guest,19,native,92819901,1,2,2020-02-18T19:40:02Z,2020-02-18T19:40:57Z
27147,263,1448,24750,male,guest,19,employment,92819902,2,0,2020-02-18T19:40:02Z,2020-02-18T19:40:57Z
27147,263,1448,24750,male,guest,19,accom,92819904,3,1,2020-02-18T19:40:02Z,2020-02-18T19:40:57Z
27147,263,1448,24750,male,guest,19,year,92819905,4,1,2020-02-18T19:40:02Z,2020-02-18T19:40:57Z
27147,263,1448,24750,male,guest,19,mature,92819906,5,1,2020-02-18T19:40:02Z,2020-02-18T19:40:57Z
27147,263,1448,24750,male,guest,19,course,92819903,6,Physics,2020-02-18T19:40:02Z,2020-02-18T19:40:57Z
27397,263,1448,24981,male,guest,21,native,92819901,1,1,2020-02-19T14:45:21Z,2020-02-19T14:46:06Z
27397,263,1448,24981,male,guest,21,employment,92819902,2,16,2020-02-19T14:45:21Z,2020-02-19T14:46:06Z
27397,263,1448,24981,male,guest,21,accom,92819904,3,1,2020-02-19T14:45:21Z,2020-02-19T14:46:06Z
27397,263,1448,24981,male,guest,21,year,92819905,4,3,2020-02-19T14:45:21Z,2020-02-19T14:46:06Z
27397,263,1448,24981,male,guest,21,mature,92819906,5,1,2020-02-19T14:45:21Z,2020-02-19T14:46:06Z
27397,263,1448,24981,male,guest,21,course,92819903,6,Drama,2020-02-19T14:45:21Z,2020-02-19T14:46:06Z
27500,263,1448,25071,female,guest,19,native,92819901,1,1,2020-02-19T16:16:06Z,2020-02-19T16:16:57Z
27500,263,1448,25071,female,guest,19,employment,92819902,2,0,2020-02-19T16:16:06Z,2020-02-19T16:16:57Z
27500,263,1448,25071,female,guest,19,accom,92819904,3,1,2020-02-19T16:16:06Z,2020-02-19T16:16:57Z
27500,263,1448,25071,female,guest,19,year,92819905,4,1,2020-02-19T16:16:06Z,2020-02-19T16:16:57Z
27500,263,1448,25071,female,guest,19,mature,92819906,5,1,2020-02-19T16:16:06Z,2020-02-19T16:16:57Z
27500,263,1448,25071,female,guest,19,course,92819903,6,Accounting and finance,2020-02-19T16:16:06Z,2020-02-19T16:16:57Z
27560,263,1448,25125,female,guest,19,native,92819901,1,1,2020-02-19T17:18:16Z,2020-02-19T17:18:58Z
27560,263,1448,25125,female,guest,19,employment,92819902,2,10,2020-02-19T17:18:16Z,2020-02-19T17:18:58Z
27560,263,1448,25125,female,guest,19,accom,92819904,3,3,2020-02-19T17:18:16Z,2020-02-19T17:18:58Z
27560,263,1448,25125,female,guest,19,year,92819905,4,2,2020-02-19T17:18:16Z,2020-02-19T17:18:58Z
27560,263,1448,25125,female,guest,19,mature,92819906,5,2,2020-02-19T17:18:16Z,2020-02-19T17:18:58Z
27560,263,1448,25125,female,guest,19,course,92819903,6,Law,2020-02-19T17:18:16Z,2020-02-19T17:18:58Z
27626,263,1448,25178,male,guest,20,native,92819901,1,1,2020-02-19T18:15:21Z,2020-02-19T18:15:55Z
27626,263,1448,25178,male,guest,20,employment,92819902,2,0,2020-02-19T18:15:21Z,2020-02-19T18:15:55Z
27626,263,1448,25178,male,guest,20,accom,92819904,3,3,2020-02-19T18:15:21Z,2020-02-19T18:15:55Z
27626,263,1448,25178,male,guest,20,year,92819905,4,1,2020-02-19T18:15:21Z,2020-02-19T18:15:55Z
27626,263,1448,25178,male,guest,20,mature,92819906,5,2,2020-02-19T18:15:21Z,2020-02-19T18:15:55Z
27626,263,1448,25178,male,guest,20,course,92819903,6,Computing Science,2020-02-19T18:15:21Z,2020-02-19T18:15:55Z
27714,263,1448,25258,male,guest,18,native,92819901,1,1,2020-02-19T19:59:50Z,2020-02-19T20:01:01Z
27714,263,1448,25258,male,guest,18,employment,92819902,2,12,2020-02-19T19:59:50Z,2020-02-19T20:01:01Z
27714,263,1448,25258,male,guest,18,accom,92819904,3,3,2020-02-19T19:59:50Z,2020-02-19T20:01:01Z
27714,263,1448,25258,male,guest,18,year,92819905,4,1,2020-02-19T19:59:50Z,2020-02-19T20:01:01Z
27714,263,1448,25258,male,guest,18,mature,92819906,5,2,2020-02-19T19:59:50Z,2020-02-19T20:01:01Z
27714,263,1448,25258,male,guest,18,course,92819903,6,Law,2020-02-19T19:59:50Z,2020-02-19T20:01:01Z
27735,263,1448,25277,female,guest,18,native,92819901,1,2,2020-02-19T20:48:52Z,2020-02-19T20:50:36Z
27735,263,1448,25277,female,guest,18,employment,92819902,2,0,2020-02-19T20:48:52Z,2020-02-19T20:50:36Z
27735,263,1448,25277,female,guest,18,accom,92819904,3,3,2020-02-19T20:48:52Z,2020-02-19T20:50:36Z
27735,263,1448,25277,female,guest,18,year,92819905,4,1,2020-02-19T20:48:52Z,2020-02-19T20:50:36Z
27735,263,1448,25277,female,guest,18,mature,92819906,5,3,2020-02-19T20:48:52Z,2020-02-19T20:50:36Z
27735,263,1448,25277,female,guest,18,course,92819903,6,English,2020-02-19T20:48:52Z,2020-02-19T20:50:36Z
27797,263,1448,25331,male,guest,20,native,92819901,1,1,2020-02-19T23:53:30Z,2020-02-19T23:54:48Z
27797,263,1448,25331,male,guest,20,employment,92819902,2,0,2020-02-19T23:53:30Z,2020-02-19T23:54:48Z
27797,263,1448,25331,male,guest,20,accom,92819904,3,2,2020-02-19T23:53:30Z,2020-02-19T23:54:48Z
27797,263,1448,25331,male,guest,20,year,92819905,4,3,2020-02-19T23:53:30Z,2020-02-19T23:54:48Z
27797,263,1448,25331,male,guest,20,mature,92819906,5,2,2020-02-19T23:53:30Z,2020-02-19T23:54:48Z
27797,263,1448,25331,male,guest,20,course,92819903,6,Animal biology,2020-02-19T23:53:30Z,2020-02-19T23:54:48Z
27821,263,1448,25356,female,guest,18,native,92819901,1,2,2020-02-20T05:46:56Z,2020-02-20T05:47:57Z
27821,263,1448,25356,female,guest,18,employment,92819902,2,0,2020-02-20T05:46:56Z,2020-02-20T05:47:57Z
27821,263,1448,25356,female,guest,18,accom,92819904,3,1,2020-02-20T05:46:56Z,2020-02-20T05:47:57Z
27821,263,1448,25356,female,guest,18,year,92819905,4,1,2020-02-20T05:46:56Z,2020-02-20T05:47:57Z
27821,263,1448,25356,female,guest,18,mature,92819906,5,2,2020-02-20T05:46:56Z,2020-02-20T05:47:57Z
27821,263,1448,25356,female,guest,18,course,92819903,6,Psychology,2020-02-20T05:46:56Z,2020-02-20T05:47:57Z
27852,263,1448,25384,nonbinary,guest,20,native,92819901,1,1,2020-02-20T10:26:51Z,2020-02-20T10:27:27Z
27852,263,1448,25384,nonbinary,guest,20,employment,92819902,2,0,2020-02-20T10:26:51Z,2020-02-20T10:27:27Z
27852,263,1448,25384,nonbinary,guest,20,accom,92819904,3,2,2020-02-20T10:26:51Z,2020-02-20T10:27:27Z
27852,263,1448,25384,nonbinary,guest,20,year,92819905,4,2,2020-02-20T10:26:51Z,2020-02-20T10:27:27Z
27852,263,1448,25384,nonbinary,guest,20,mature,92819906,5,2,2020-02-20T10:26:51Z,2020-02-20T10:27:27Z
27852,263,1448,25384,nonbinary,guest,20,course,92819903,6,social science,2020-02-20T10:26:51Z,2020-02-20T10:27:27Z
27926,263,1448,25453,female,guest,18,native,92819901,1,1,2020-02-20T12:31:15Z,2020-02-20T12:32:13Z
27926,263,1448,25453,female,guest,18,employment,92819902,2,0,2020-02-20T12:31:15Z,2020-02-20T12:32:13Z
27926,263,1448,25453,female,guest,18,accom,92819904,3,1,2020-02-20T12:31:15Z,2020-02-20T12:32:13Z
27926,263,1448,25453,female,guest,18,year,92819905,4,1,2020-02-20T12:31:15Z,2020-02-20T12:32:13Z
27926,263,1448,25453,female,guest,18,mature,92819906,5,2,2020-02-20T12:31:15Z,2020-02-20T12:32:13Z
27926,263,1448,25453,female,guest,18,course,92819903,6,Psychology,2020-02-20T12:31:15Z,2020-02-20T12:32:13Z
28220,263,1448,25709,female,guest,20,native,92819901,1,2,2020-02-21T08:11:21Z,2020-02-21T08:12:21Z
28220,263,1448,25709,female,guest,20,employment,92819902,2,0,2020-02-21T08:11:21Z,2020-02-21T08:12:21Z
28220,263,1448,25709,female,guest,20,accom,92819904,3,1,2020-02-21T08:11:21Z,2020-02-21T08:12:21Z
28220,263,1448,25709,female,guest,20,year,92819905,4,1,2020-02-21T08:11:21Z,2020-02-21T08:12:21Z
28220,263,1448,25709,female,guest,20,mature,92819906,5,2,2020-02-21T08:11:21Z,2020-02-21T08:12:21Z
28220,263,1448,25709,female,guest,20,course,92819903,6,Psychology,2020-02-21T08:11:21Z,2020-02-21T08:12:21Z
28412,263,1448,25888,female,guest,18,native,92819901,1,1,2020-02-21T16:47:45Z,2020-02-21T16:48:27Z
28412,263,1448,25888,female,guest,18,employment,92819902,2,0,2020-02-21T16:47:45Z,2020-02-21T16:48:27Z
28412,263,1448,25888,female,guest,18,accom,92819904,3,1,2020-02-21T16:47:45Z,2020-02-21T16:48:27Z
28412,263,1448,25888,female,guest,18,year,92819905,4,1,2020-02-21T16:47:45Z,2020-02-21T16:48:27Z
28412,263,1448,25888,female,guest,18,mature,92819906,5,2,2020-02-21T16:47:45Z,2020-02-21T16:48:27Z
28412,263,1448,25888,female,guest,18,course,92819903,6,Spanish,2020-02-21T16:47:45Z,2020-02-21T16:48:27Z
28488,263,1448,25957,female,guest,40,native,92819901,1,1,2020-02-21T22:34:31Z,2020-02-21T22:35:57Z
28488,263,1448,25957,female,guest,40,employment,92819902,2,0,2020-02-21T22:34:31Z,2020-02-21T22:35:57Z
28488,263,1448,25957,female,guest,40,accom,92819904,3,2,2020-02-21T22:34:31Z,2020-02-21T22:35:57Z
28488,263,1448,25957,female,guest,40,year,92819905,4,1,2020-02-21T22:34:31Z,2020-02-21T22:35:57Z
28488,263,1448,25957,female,guest,40,mature,92819906,5,1,2020-02-21T22:34:31Z,2020-02-21T22:35:57Z
28488,263,1448,25957,female,guest,40,course,92819903,6,Social Science,2020-02-21T22:34:31Z,2020-02-21T22:35:57Z
28694,263,1448,26149,male,guest,18,native,92819901,1,1,2020-02-22T22:05:40Z,2020-02-22T22:06:31Z
28694,263,1448,26149,male,guest,18,employment,92819902,2,0,2020-02-22T22:05:40Z,2020-02-22T22:06:31Z
28694,263,1448,26149,male,guest,18,accom,92819904,3,1,2020-02-22T22:05:40Z,2020-02-22T22:06:31Z
28694,263,1448,26149,male,guest,18,year,92819905,4,1,2020-02-22T22:05:40Z,2020-02-22T22:06:31Z
28694,263,1448,26149,male,guest,18,mature,92819906,5,2,2020-02-22T22:05:40Z,2020-02-22T22:06:31Z
28694,263,1448,26149,male,guest,18,course,92819903,6,computing science,2020-02-22T22:05:40Z,2020-02-22T22:06:31Z
28694,263,1448,26149,male,guest,18,native,92819901,1,1,2020-02-22T22:05:40Z,2020-02-22T22:06:31Z
28694,263,1448,26149,male,guest,18,employment,92819902,2,0,2020-02-22T22:05:40Z,2020-02-22T22:06:31Z
28694,263,1448,26149,male,guest,18,accom,92819904,3,1,2020-02-22T22:05:40Z,2020-02-22T22:06:31Z
28694,263,1448,26149,male,guest,18,year,92819905,4,1,2020-02-22T22:05:40Z,2020-02-22T22:06:31Z
28694,263,1448,26149,male,guest,18,mature,92819906,5,2,2020-02-22T22:05:40Z,2020-02-22T22:06:31Z
28694,263,1448,26149,male,guest,18,course,92819903,6,computing science,2020-02-22T22:05:40Z,2020-02-22T22:06:31Z
28769,263,1448,26208,female,guest,19,native,92819901,1,1,2020-02-23T11:30:12Z,2020-02-23T11:30:50Z
28769,263,1448,26208,female,guest,19,employment,92819902,2,0,2020-02-23T11:30:12Z,2020-02-23T11:30:50Z
28769,263,1448,26208,female,guest,19,accom,92819904,3,2,2020-02-23T11:30:12Z,2020-02-23T11:30:50Z
28769,263,1448,26208,female,guest,19,year,92819905,4,2,2020-02-23T11:30:12Z,2020-02-23T11:30:50Z
28769,263,1448,26208,female,guest,19,mature,92819906,5,2,2020-02-23T11:30:12Z,2020-02-23T11:30:50Z
28769,263,1448,26208,female,guest,19,course,92819903,6,Business,2020-02-23T11:30:12Z,2020-02-23T11:30:50Z
28842,263,1448,26269,female,guest,19,native,92819901,1,1,2020-02-23T15:42:00Z,2020-02-23T15:42:36Z
28842,263,1448,26269,female,guest,19,employment,92819902,2,15,2020-02-23T15:42:00Z,2020-02-23T15:42:36Z
28842,263,1448,26269,female,guest,19,accom,92819904,3,3,2020-02-23T15:42:00Z,2020-02-23T15:42:36Z
28842,263,1448,26269,female,guest,19,year,92819905,4,2,2020-02-23T15:42:00Z,2020-02-23T15:42:36Z
28842,263,1448,26269,female,guest,19,mature,92819906,5,2,2020-02-23T15:42:00Z,2020-02-23T15:42:36Z
28842,263,1448,26269,female,guest,19,course,92819903,6,PSYCHOLOGY,2020-02-23T15:42:00Z,2020-02-23T15:42:36Z
28861,263,1448,26286,male,guest,23,native,92819901,1,1,2020-02-23T16:12:08Z,2020-02-23T16:13:42Z
28861,263,1448,26286,male,guest,23,employment,92819902,2,22,2020-02-23T16:12:08Z,2020-02-23T16:13:42Z
28861,263,1448,26286,male,guest,23,accom,92819904,3,2,2020-02-23T16:12:08Z,2020-02-23T16:13:42Z
28861,263,1448,26286,male,guest,23,year,92819905,4,5,2020-02-23T16:12:08Z,2020-02-23T16:13:42Z
28861,263,1448,26286,male,guest,23,mature,92819906,5,2,2020-02-23T16:12:08Z,2020-02-23T16:13:42Z
28861,263,1448,26286,male,guest,23,course,92819903,6,Physics,2020-02-23T16:12:08Z,2020-02-23T16:13:42Z
28881,263,1448,26303,female,guest,36,native,92819901,1,1,2020-02-23T16:41:04Z,2020-02-23T16:42:40Z
28881,263,1448,26303,female,guest,36,employment,92819902,2,25,2020-02-23T16:41:04Z,2020-02-23T16:42:40Z
28881,263,1448,26303,female,guest,36,accom,92819904,3,2,2020-02-23T16:41:04Z,2020-02-23T16:42:40Z
28881,263,1448,26303,female,guest,36,year,92819905,4,6,2020-02-23T16:41:04Z,2020-02-23T16:42:40Z
28881,263,1448,26303,female,guest,36,mature,92819906,5,1,2020-02-23T16:41:04Z,2020-02-23T16:42:40Z
28881,263,1448,26303,female,guest,36,course,92819903,6,Psychology,2020-02-23T16:41:04Z,2020-02-23T16:42:40Z
28880,263,1448,26304,na,guest,19,native,92819901,1,1,2020-02-23T16:40:17Z,2020-02-23T16:41:15Z
28880,263,1448,26304,na,guest,19,employment,92819902,2,14,2020-02-23T16:40:17Z,2020-02-23T16:41:15Z
28880,263,1448,26304,na,guest,19,accom,92819904,3,3,2020-02-23T16:40:17Z,2020-02-23T16:41:15Z
28880,263,1448,26304,na,guest,19,year,92819905,4,2,2020-02-23T16:40:17Z,2020-02-23T16:41:15Z
28880,263,1448,26304,na,guest,19,mature,92819906,5,2,2020-02-23T16:40:17Z,2020-02-23T16:41:15Z
28880,263,1448,26304,na,guest,19,course,92819903,6,Business Management,2020-02-23T16:40:17Z,2020-02-23T16:41:15Z
28968,263,1448,26384,female,guest,19,native,92819901,1,1,2020-02-23T19:50:16Z,2020-02-23T19:50:59Z
28968,263,1448,26384,female,guest,19,employment,92819902,2,15,2020-02-23T19:50:16Z,2020-02-23T19:50:59Z
28968,263,1448,26384,female,guest,19,accom,92819904,3,2,2020-02-23T19:50:16Z,2020-02-23T19:50:59Z
28968,263,1448,26384,female,guest,19,year,92819905,4,2,2020-02-23T19:50:16Z,2020-02-23T19:50:59Z
28968,263,1448,26384,female,guest,19,mature,92819906,5,2,2020-02-23T19:50:16Z,2020-02-23T19:50:59Z
28968,263,1448,26384,female,guest,19,course,92819903,6,Maths,2020-02-23T19:50:16Z,2020-02-23T19:50:59Z
28993,263,1448,26411,female,guest,19,native,92819901,1,1,2020-02-23T20:41:41Z,2020-02-23T20:42:18Z
28993,263,1448,26411,female,guest,19,employment,92819902,2,0,2020-02-23T20:41:41Z,2020-02-23T20:42:18Z
28993,263,1448,26411,female,guest,19,accom,92819904,3,1,2020-02-23T20:41:41Z,2020-02-23T20:42:18Z
28993,263,1448,26411,female,guest,19,year,92819905,4,1,2020-02-23T20:41:41Z,2020-02-23T20:42:18Z
28993,263,1448,26411,female,guest,19,mature,92819906,5,2,2020-02-23T20:41:41Z,2020-02-23T20:42:18Z
28993,263,1448,26411,female,guest,19,course,92819903,6,Education,2020-02-23T20:41:41Z,2020-02-23T20:42:18Z
29047,263,1448,26471,female,guest,19,native,92819901,1,2,2020-02-23T23:09:38Z,2020-02-23T23:10:09Z
29047,263,1448,26471,female,guest,19,employment,92819902,2,0,2020-02-23T23:09:38Z,2020-02-23T23:10:09Z
29047,263,1448,26471,female,guest,19,accom,92819904,3,2,2020-02-23T23:09:38Z,2020-02-23T23:10:09Z
29047,263,1448,26471,female,guest,19,year,92819905,4,2,2020-02-23T23:09:38Z,2020-02-23T23:10:09Z
29047,263,1448,26471,female,guest,19,mature,92819906,5,2,2020-02-23T23:09:38Z,2020-02-23T23:10:09Z
29047,263,1448,26471,female,guest,19,course,92819903,6,Economics,2020-02-23T23:09:38Z,2020-02-23T23:10:09Z
29199,263,1448,26597,female,guest,18,native,92819901,1,1,2020-02-24T12:59:19Z,2020-02-24T13:00:03Z
29199,263,1448,26597,female,guest,18,employment,92819902,2,16,2020-02-24T12:59:19Z,2020-02-24T13:00:03Z
29199,263,1448,26597,female,guest,18,accom,92819904,3,3,2020-02-24T12:59:19Z,2020-02-24T13:00:03Z
29199,263,1448,26597,female,guest,18,year,92819905,4,1,2020-02-24T12:59:19Z,2020-02-24T13:00:03Z
29199,263,1448,26597,female,guest,18,mature,92819906,5,2,2020-02-24T12:59:19Z,2020-02-24T13:00:03Z
29199,263,1448,26597,female,guest,18,course,92819903,6,Accounting,2020-02-24T12:59:19Z,2020-02-24T13:00:03Z
29336,263,1448,26733,female,guest,18,native,92819901,1,1,2020-02-24T15:51:26Z,2020-02-24T15:52:27Z
29336,263,1448,26733,female,guest,18,employment,92819902,2,25,2020-02-24T15:51:26Z,2020-02-24T15:52:27Z
29336,263,1448,26733,female,guest,18,accom,92819904,3,3,2020-02-24T15:51:26Z,2020-02-24T15:52:27Z
29336,263,1448,26733,female,guest,18,year,92819905,4,1,2020-02-24T15:51:26Z,2020-02-24T15:52:27Z
29336,263,1448,26733,female,guest,18,mature,92819906,5,2,2020-02-24T15:51:26Z,2020-02-24T15:52:27Z
29336,263,1448,26733,female,guest,18,course,92819903,6,Fashion,2020-02-24T15:51:26Z,2020-02-24T15:52:27Z
29336,263,1448,26733,female,guest,18,native,92819901,1,1,2020-02-24T15:51:26Z,2020-02-24T15:52:31Z
29336,263,1448,26733,female,guest,18,employment,92819902,2,25,2020-02-24T15:51:26Z,2020-02-24T15:52:31Z
29336,263,1448,26733,female,guest,18,accom,92819904,3,3,2020-02-24T15:51:26Z,2020-02-24T15:52:31Z
29336,263,1448,26733,female,guest,18,year,92819905,4,1,2020-02-24T15:51:26Z,2020-02-24T15:52:31Z
29336,263,1448,26733,female,guest,18,mature,92819906,5,2,2020-02-24T15:51:26Z,2020-02-24T15:52:31Z
29336,263,1448,26733,female,guest,18,course,92819903,6,Fashion,2020-02-24T15:51:26Z,2020-02-24T15:52:31Z
29453,263,1448,26846,female,guest,18,native,92819901,1,1,2020-02-24T17:37:43Z,2020-02-24T17:39:06Z
29453,263,1448,26846,female,guest,18,employment,92819902,2,0,2020-02-24T17:37:43Z,2020-02-24T17:39:06Z
29453,263,1448,26846,female,guest,18,accom,92819904,3,3,2020-02-24T17:37:43Z,2020-02-24T17:39:06Z
29453,263,1448,26846,female,guest,18,year,92819905,4,1,2020-02-24T17:37:43Z,2020-02-24T17:39:06Z
29453,263,1448,26846,female,guest,18,mature,92819906,5,3,2020-02-24T17:37:43Z,2020-02-24T17:39:06Z
29453,263,1448,26846,female,guest,18,course,92819903,6,Biology,2020-02-24T17:37:43Z,2020-02-24T17:39:06Z
29513,263,1448,26911,male,guest,21,native,92819901,1,1,2020-02-24T18:39:15Z,2020-02-24T18:40:02Z
29513,263,1448,26911,male,guest,21,employment,92819902,2,16,2020-02-24T18:39:15Z,2020-02-24T18:40:02Z
29513,263,1448,26911,male,guest,21,accom,92819904,3,3,2020-02-24T18:39:15Z,2020-02-24T18:40:02Z
29513,263,1448,26911,male,guest,21,year,92819905,4,3,2020-02-24T18:39:15Z,2020-02-24T18:40:02Z
29513,263,1448,26911,male,guest,21,mature,92819906,5,2,2020-02-24T18:39:15Z,2020-02-24T18:40:02Z
29513,263,1448,26911,male,guest,21,course,92819903,6,psychology,2020-02-24T18:39:15Z,2020-02-24T18:40:02Z
29558,263,1448,26943,male,guest,20,native,92819901,1,2,2020-02-24T19:31:44Z,2020-02-24T19:32:31Z
29558,263,1448,26943,male,guest,20,employment,92819902,2,0,2020-02-24T19:31:44Z,2020-02-24T19:32:31Z
29558,263,1448,26943,male,guest,20,accom,92819904,3,1,2020-02-24T19:31:44Z,2020-02-24T19:32:31Z
29558,263,1448,26943,male,guest,20,year,92819905,4,1,2020-02-24T19:31:44Z,2020-02-24T19:32:31Z
29558,263,1448,26943,male,guest,20,mature,92819906,5,2,2020-02-24T19:31:44Z,2020-02-24T19:32:31Z
29558,263,1448,26943,male,guest,20,course,92819903,6,biology,2020-02-24T19:31:44Z,2020-02-24T19:32:31Z
29612,263,1448,26995,female,guest,18,native,92819901,1,1,2020-02-24T20:48:39Z,2020-02-24T20:49:33Z
29612,263,1448,26995,female,guest,18,employment,92819902,2,0,2020-02-24T20:48:39Z,2020-02-24T20:49:33Z
29612,263,1448,26995,female,guest,18,accom,92819904,3,1,2020-02-24T20:48:39Z,2020-02-24T20:49:33Z
29612,263,1448,26995,female,guest,18,year,92819905,4,1,2020-02-24T20:48:39Z,2020-02-24T20:49:33Z
29612,263,1448,26995,female,guest,18,mature,92819906,5,2,2020-02-24T20:48:39Z,2020-02-24T20:49:33Z
29612,263,1448,26995,female,guest,18,course,92819903,6,maths,2020-02-24T20:48:39Z,2020-02-24T20:49:33Z
29708,263,1448,27096,female,guest,20,native,92819901,1,2,2020-02-24T22:37:10Z,2020-02-24T22:37:38Z
29708,263,1448,27096,female,guest,20,employment,92819902,2,0,2020-02-24T22:37:10Z,2020-02-24T22:37:38Z
29708,263,1448,27096,female,guest,20,accom,92819904,3,1,2020-02-24T22:37:10Z,2020-02-24T22:37:38Z
29708,263,1448,27096,female,guest,20,year,92819905,4,1,2020-02-24T22:37:10Z,2020-02-24T22:37:38Z
29708,263,1448,27096,female,guest,20,mature,92819906,5,2,2020-02-24T22:37:10Z,2020-02-24T22:37:38Z
29708,263,1448,27096,female,guest,20,course,92819903,6,Psychology,2020-02-24T22:37:10Z,2020-02-24T22:37:38Z
29882,263,1448,27244,female,guest,24,native,92819901,1,2,2020-02-25T12:08:51Z,2020-02-25T12:09:42Z
29882,263,1448,27244,female,guest,24,employment,92819902,2,10,2020-02-25T12:08:51Z,2020-02-25T12:09:42Z
29882,263,1448,27244,female,guest,24,accom,92819904,3,2,2020-02-25T12:08:51Z,2020-02-25T12:09:42Z
29882,263,1448,27244,female,guest,24,year,92819905,4,6,2020-02-25T12:08:51Z,2020-02-25T12:09:42Z
29882,263,1448,27244,female,guest,24,mature,92819906,5,2,2020-02-25T12:08:51Z,2020-02-25T12:09:42Z
29882,263,1448,27244,female,guest,24,course,92819903,6,Arts management,2020-02-25T12:08:51Z,2020-02-25T12:09:42Z
29902,263,1448,27260,female,guest,17,native,92819901,1,2,2020-02-25T13:41:06Z,2020-02-25T13:41:39Z
29902,263,1448,27260,female,guest,17,employment,92819902,2,0,2020-02-25T13:41:06Z,2020-02-25T13:41:39Z
29902,263,1448,27260,female,guest,17,accom,92819904,3,1,2020-02-25T13:41:06Z,2020-02-25T13:41:39Z
29902,263,1448,27260,female,guest,17,year,92819905,4,1,2020-02-25T13:41:06Z,2020-02-25T13:41:39Z
29902,263,1448,27260,female,guest,17,mature,92819906,5,2,2020-02-25T13:41:06Z,2020-02-25T13:41:39Z
29902,263,1448,27260,female,guest,17,course,92819903,6,Politics,2020-02-25T13:41:06Z,2020-02-25T13:41:39Z
29956,263,1448,27315,female,guest,18,native,92819901,1,1,2020-02-25T15:31:19Z,2020-02-25T15:31:56Z
29956,263,1448,27315,female,guest,18,employment,92819902,2,0,2020-02-25T15:31:19Z,2020-02-25T15:31:56Z
29956,263,1448,27315,female,guest,18,accom,92819904,3,1,2020-02-25T15:31:19Z,2020-02-25T15:31:56Z
29956,263,1448,27315,female,guest,18,year,92819905,4,1,2020-02-25T15:31:19Z,2020-02-25T15:31:56Z
29956,263,1448,27315,female,guest,18,mature,92819906,5,2,2020-02-25T15:31:19Z,2020-02-25T15:31:56Z
29956,263,1448,27315,female,guest,18,course,92819903,6,Nursing,2020-02-25T15:31:19Z,2020-02-25T15:31:56Z
30150,263,1448,27475,female,guest,18,native,92819901,1,1,2020-02-25T22:18:22Z,2020-02-25T22:19:44Z
30150,263,1448,27475,female,guest,18,employment,92819902,2,0,2020-02-25T22:18:22Z,2020-02-25T22:19:44Z
30150,263,1448,27475,female,guest,18,accom,92819904,3,1,2020-02-25T22:18:22Z,2020-02-25T22:19:44Z
30150,263,1448,27475,female,guest,18,year,92819905,4,1,2020-02-25T22:18:22Z,2020-02-25T22:19:44Z
30150,263,1448,27475,female,guest,18,mature,92819906,5,2,2020-02-25T22:18:22Z,2020-02-25T22:19:44Z
30150,263,1448,27475,female,guest,18,course,92819903,6,Archaeology,2020-02-25T22:18:22Z,2020-02-25T22:19:44Z
30440,263,1448,27761,female,guest,19,native,92819901,1,1,2020-02-26T11:06:57Z,2020-02-26T11:07:59Z
30440,263,1448,27761,female,guest,19,employment,92819902,2,0,2020-02-26T11:06:57Z,2020-02-26T11:07:59Z
30440,263,1448,27761,female,guest,19,accom,92819904,3,1,2020-02-26T11:06:57Z,2020-02-26T11:07:59Z
30440,263,1448,27761,female,guest,19,year,92819905,4,1,2020-02-26T11:06:57Z,2020-02-26T11:07:59Z
30440,263,1448,27761,female,guest,19,mature,92819906,5,2,2020-02-26T11:06:57Z,2020-02-26T11:07:59Z
30440,263,1448,27761,female,guest,19,course,92819903,6,Psychology,2020-02-26T11:06:57Z,2020-02-26T11:07:59Z
30634,263,1448,27966,female,guest,22,native,92819901,1,1,2020-02-26T16:40:36Z,2020-02-26T16:41:08Z
30634,263,1448,27966,female,guest,22,employment,92819902,2,0,2020-02-26T16:40:36Z,2020-02-26T16:41:08Z
30634,263,1448,27966,female,guest,22,accom,92819904,3,2,2020-02-26T16:40:36Z,2020-02-26T16:41:08Z
30634,263,1448,27966,female,guest,22,year,92819905,4,4,2020-02-26T16:40:36Z,2020-02-26T16:41:08Z
30634,263,1448,27966,female,guest,22,mature,92819906,5,2,2020-02-26T16:40:36Z,2020-02-26T16:41:08Z
30634,263,1448,27966,female,guest,22,course,92819903,6,Mathematics,2020-02-26T16:40:36Z,2020-02-26T16:41:08Z
30747,263,1448,28075,female,guest,33,native,92819901,1,1,2020-02-26T21:16:12Z,2020-02-26T21:17:23Z
30747,263,1448,28075,female,guest,33,employment,92819902,2,0,2020-02-26T21:16:12Z,2020-02-26T21:17:23Z
30747,263,1448,28075,female,guest,33,accom,92819904,3,3,2020-02-26T21:16:12Z,2020-02-26T21:17:23Z
30747,263,1448,28075,female,guest,33,year,92819905,4,1,2020-02-26T21:16:12Z,2020-02-26T21:17:23Z
30747,263,1448,28075,female,guest,33,mature,92819906,5,1,2020-02-26T21:16:12Z,2020-02-26T21:17:23Z
30747,263,1448,28075,female,guest,33,course,92819903,6,Nursing,2020-02-26T21:16:12Z,2020-02-26T21:17:23Z
30823,263,1448,28145,female,guest,21,native,92819901,1,1,2020-02-27T06:56:53Z,2020-02-27T06:57:38Z
30823,263,1448,28145,female,guest,21,employment,92819902,2,0,2020-02-27T06:56:53Z,2020-02-27T06:57:38Z
30823,263,1448,28145,female,guest,21,accom,92819904,3,2,2020-02-27T06:56:53Z,2020-02-27T06:57:38Z
30823,263,1448,28145,female,guest,21,year,92819905,4,3,2020-02-27T06:56:53Z,2020-02-27T06:57:38Z
30823,263,1448,28145,female,guest,21,mature,92819906,5,2,2020-02-27T06:56:53Z,2020-02-27T06:57:38Z
30823,263,1448,28145,female,guest,21,course,92819903,6,History,2020-02-27T06:56:53Z,2020-02-27T06:57:38Z
31028,263,1448,28337,female,guest,20,native,92819901,1,1,2020-02-27T21:12:27Z,2020-02-27T21:12:58Z
31028,263,1448,28337,female,guest,20,employment,92819902,2,0,2020-02-27T21:12:27Z,2020-02-27T21:12:58Z
31028,263,1448,28337,female,guest,20,accom,92819904,3,2,2020-02-27T21:12:27Z,2020-02-27T21:12:58Z
31028,263,1448,28337,female,guest,20,year,92819905,4,1,2020-02-27T21:12:27Z,2020-02-27T21:12:58Z
31028,263,1448,28337,female,guest,20,mature,92819906,5,2,2020-02-27T21:12:27Z,2020-02-27T21:12:58Z
31028,263,1448,28337,female,guest,20,course,92819903,6,Biology,2020-02-27T21:12:27Z,2020-02-27T21:12:58Z
31040,263,1448,28346,female,guest,20,native,92819901,1,1,2020-02-27T23:18:59Z,2020-02-27T23:19:51Z
31040,263,1448,28346,female,guest,20,employment,92819902,2,12,2020-02-27T23:18:59Z,2020-02-27T23:19:51Z
31040,263,1448,28346,female,guest,20,accom,92819904,3,1,2020-02-27T23:18:59Z,2020-02-27T23:19:51Z
31040,263,1448,28346,female,guest,20,year,92819905,4,1,2020-02-27T23:18:59Z,2020-02-27T23:19:51Z
31040,263,1448,28346,female,guest,20,mature,92819906,5,2,2020-02-27T23:18:59Z,2020-02-27T23:19:51Z
31040,263,1448,28346,female,guest,20,course,92819903,6,Psychology,2020-02-27T23:18:59Z,2020-02-27T23:19:51Z
31244,263,1448,28539,male,guest,NA,native,92819901,1,1,2020-02-29T00:42:13Z,2020-02-29T00:42:33Z
31244,263,1448,28539,male,guest,NA,employment,92819902,2,40,2020-02-29T00:42:13Z,2020-02-29T00:42:33Z
31244,263,1448,28539,male,guest,NA,accom,92819904,3,3,2020-02-29T00:42:13Z,2020-02-29T00:42:33Z
31244,263,1448,28539,male,guest,NA,year,92819905,4,1,2020-02-29T00:42:13Z,2020-02-29T00:42:33Z
31244,263,1448,28539,male,guest,NA,mature,92819906,5,2,2020-02-29T00:42:13Z,2020-02-29T00:42:33Z
31244,263,1448,28539,male,guest,NA,course,92819903,6,Aportv,2020-02-29T00:42:13Z,2020-02-29T00:42:33Z
31424,263,1448,28739,female,guest,NA,native,92819901,1,2,2020-02-29T21:20:48Z,2020-02-29T21:21:24Z
31424,263,1448,28739,female,guest,NA,employment,92819902,2,0,2020-02-29T21:20:48Z,2020-02-29T21:21:24Z
31424,263,1448,28739,female,guest,NA,accom,92819904,3,2,2020-02-29T21:20:48Z,2020-02-29T21:21:24Z
31424,263,1448,28739,female,guest,NA,year,92819905,4,1,2020-02-29T21:20:48Z,2020-02-29T21:21:24Z
31424,263,1448,28739,female,guest,NA,mature,92819906,5,2,2020-02-29T21:20:48Z,2020-02-29T21:21:24Z
31424,263,1448,28739,female,guest,NA,course,92819903,6,Psychology,2020-02-29T21:20:48Z,2020-02-29T21:21:24Z
31517,263,1448,28833,female,guest,18,native,92819901,1,1,2020-03-01T14:40:49Z,2020-03-01T14:41:12Z
31517,263,1448,28833,female,guest,18,employment,92819902,2,0,2020-03-01T14:40:49Z,2020-03-01T14:41:12Z
31517,263,1448,28833,female,guest,18,accom,92819904,3,1,2020-03-01T14:40:49Z,2020-03-01T14:41:12Z
31517,263,1448,28833,female,guest,18,year,92819905,4,1,2020-03-01T14:40:49Z,2020-03-01T14:41:12Z
31517,263,1448,28833,female,guest,18,mature,92819906,5,2,2020-03-01T14:40:49Z,2020-03-01T14:41:12Z
31517,263,1448,28833,female,guest,18,course,92819903,6,Sociology,2020-03-01T14:40:49Z,2020-03-01T14:41:12Z
31529,263,1448,28844,male,guest,18,native,92819901,1,1,2020-03-01T15:11:57Z,2020-03-01T15:12:11Z
31529,263,1448,28844,male,guest,18,employment,92819902,2,0,2020-03-01T15:11:57Z,2020-03-01T15:12:11Z
31529,263,1448,28844,male,guest,18,accom,92819904,3,1,2020-03-01T15:11:57Z,2020-03-01T15:12:11Z
31529,263,1448,28844,male,guest,18,year,92819905,4,1,2020-03-01T15:11:57Z,2020-03-01T15:12:11Z
31529,263,1448,28844,male,guest,18,mature,92819906,5,2,2020-03-01T15:11:57Z,2020-03-01T15:12:11Z
31529,263,1448,28844,male,guest,18,course,92819903,6,English Lit,2020-03-01T15:11:57Z,2020-03-01T15:12:11Z
31535,263,1448,28850,male,guest,18,native,92819901,1,1,2020-03-01T15:21:55Z,2020-03-01T15:22:35Z
31535,263,1448,28850,male,guest,18,employment,92819902,2,12,2020-03-01T15:21:55Z,2020-03-01T15:22:35Z
31535,263,1448,28850,male,guest,18,accom,92819904,3,1,2020-03-01T15:21:55Z,2020-03-01T15:22:35Z
31535,263,1448,28850,male,guest,18,year,92819905,4,1,2020-03-01T15:21:55Z,2020-03-01T15:22:35Z
31535,263,1448,28850,male,guest,18,mature,92819906,5,2,2020-03-01T15:21:55Z,2020-03-01T15:22:35Z
31535,263,1448,28850,male,guest,18,course,92819903,6,Psychology,2020-03-01T15:21:55Z,2020-03-01T15:22:35Z
31623,263,1448,28932,female,guest,18,native,92819901,1,1,2020-03-01T22:48:36Z,2020-03-01T22:49:01Z
31623,263,1448,28932,female,guest,18,employment,92819902,2,5,2020-03-01T22:48:36Z,2020-03-01T22:49:01Z
31623,263,1448,28932,female,guest,18,accom,92819904,3,2,2020-03-01T22:48:36Z,2020-03-01T22:49:01Z
31623,263,1448,28932,female,guest,18,year,92819905,4,1,2020-03-01T22:48:36Z,2020-03-01T22:49:01Z
31623,263,1448,28932,female,guest,18,mature,92819906,5,2,2020-03-01T22:48:36Z,2020-03-01T22:49:01Z
31623,263,1448,28932,female,guest,18,course,92819903,6,Nursing,2020-03-01T22:48:36Z,2020-03-01T22:49:01Z
31750,263,1448,29040,female,guest,22,native,92819901,1,1,2020-03-02T15:18:01Z,2020-03-02T15:18:42Z
31750,263,1448,29040,female,guest,22,employment,92819902,2,14,2020-03-02T15:18:01Z,2020-03-02T15:18:42Z
31750,263,1448,29040,female,guest,22,accom,92819904,3,3,2020-03-02T15:18:01Z,2020-03-02T15:18:42Z
31750,263,1448,29040,female,guest,22,year,92819905,4,4,2020-03-02T15:18:01Z,2020-03-02T15:18:42Z
31750,263,1448,29040,female,guest,22,mature,92819906,5,2,2020-03-02T15:18:01Z,2020-03-02T15:18:42Z
31750,263,1448,29040,female,guest,22,course,92819903,6,Biology,2020-03-02T15:18:01Z,2020-03-02T15:18:42Z
31759,263,1448,29049,female,guest,20,native,92819901,1,2,2020-03-02T15:48:02Z,2020-03-02T15:49:51Z
31759,263,1448,29049,female,guest,20,employment,92819902,2,0,2020-03-02T15:48:02Z,2020-03-02T15:49:51Z
31759,263,1448,29049,female,guest,20,accom,92819904,3,1,2020-03-02T15:48:02Z,2020-03-02T15:49:51Z
31759,263,1448,29049,female,guest,20,year,92819905,4,1,2020-03-02T15:48:02Z,2020-03-02T15:49:51Z
31759,263,1448,29049,female,guest,20,mature,92819906,5,2,2020-03-02T15:48:02Z,2020-03-02T15:49:51Z
31759,263,1448,29049,female,guest,20,course,92819903,6,Law,2020-03-02T15:48:02Z,2020-03-02T15:49:51Z
31798,263,1448,29085,nonbinary,guest,22,native,92819901,1,1,2020-03-02T16:57:03Z,2020-03-02T16:59:24Z
31798,263,1448,29085,nonbinary,guest,22,employment,92819902,2,0,2020-03-02T16:57:03Z,2020-03-02T16:59:24Z
31798,263,1448,29085,nonbinary,guest,22,accom,92819904,3,2,2020-03-02T16:57:03Z,2020-03-02T16:59:24Z
31798,263,1448,29085,nonbinary,guest,22,year,92819905,4,3,2020-03-02T16:57:03Z,2020-03-02T16:59:24Z
31798,263,1448,29085,nonbinary,guest,22,mature,92819906,5,2,2020-03-02T16:57:03Z,2020-03-02T16:59:24Z
31798,263,1448,29085,nonbinary,guest,22,course,92819903,6,Theatre Studies,2020-03-02T16:57:03Z,2020-03-02T16:59:24Z
31824,263,1448,29109,female,guest,18,native,92819901,1,1,2020-03-02T17:49:43Z,2020-03-02T17:50:57Z
31824,263,1448,29109,female,guest,18,employment,92819902,2,8,2020-03-02T17:49:43Z,2020-03-02T17:50:57Z
31824,263,1448,29109,female,guest,18,accom,92819904,3,3,2020-03-02T17:49:43Z,2020-03-02T17:50:57Z
31824,263,1448,29109,female,guest,18,year,92819905,4,1,2020-03-02T17:49:43Z,2020-03-02T17:50:57Z
31824,263,1448,29109,female,guest,18,mature,92819906,5,2,2020-03-02T17:49:43Z,2020-03-02T17:50:57Z
31824,263,1448,29109,female,guest,18,course,92819903,6,Biology,2020-03-02T17:49:43Z,2020-03-02T17:50:57Z
31831,263,1448,29117,female,guest,20,native,92819901,1,1,2020-03-02T18:08:22Z,2020-03-02T18:09:21Z
31831,263,1448,29117,female,guest,20,employment,92819902,2,0,2020-03-02T18:08:22Z,2020-03-02T18:09:21Z
31831,263,1448,29117,female,guest,20,accom,92819904,3,2,2020-03-02T18:08:22Z,2020-03-02T18:09:21Z
31831,263,1448,29117,female,guest,20,year,92819905,4,2,2020-03-02T18:08:22Z,2020-03-02T18:09:21Z
31831,263,1448,29117,female,guest,20,mature,92819906,5,2,2020-03-02T18:08:22Z,2020-03-02T18:09:21Z
31831,263,1448,29117,female,guest,20,course,92819903,6,Sociology,2020-03-02T18:08:22Z,2020-03-02T18:09:21Z
31859,263,1448,29140,male,guest,23,native,92819901,1,2,2020-03-02T19:25:55Z,2020-03-02T19:26:33Z
31859,263,1448,29140,male,guest,23,employment,92819902,2,0,2020-03-02T19:25:55Z,2020-03-02T19:26:33Z
31859,263,1448,29140,male,guest,23,accom,92819904,3,2,2020-03-02T19:25:55Z,2020-03-02T19:26:33Z
31859,263,1448,29140,male,guest,23,year,92819905,4,5,2020-03-02T19:25:55Z,2020-03-02T19:26:33Z
31859,263,1448,29140,male,guest,23,mature,92819906,5,2,2020-03-02T19:25:55Z,2020-03-02T19:26:33Z
31859,263,1448,29140,male,guest,23,course,92819903,6,Medicine,2020-03-02T19:25:55Z,2020-03-02T19:26:33Z
31935,263,1448,29201,female,guest,18,native,92819901,1,2,2020-03-02T22:39:26Z,2020-03-02T22:40:04Z
31935,263,1448,29201,female,guest,18,employment,92819902,2,0,2020-03-02T22:39:26Z,2020-03-02T22:40:04Z
31935,263,1448,29201,female,guest,18,accom,92819904,3,1,2020-03-02T22:39:26Z,2020-03-02T22:40:04Z
31935,263,1448,29201,female,guest,18,year,92819905,4,1,2020-03-02T22:39:26Z,2020-03-02T22:40:04Z
31935,263,1448,29201,female,guest,18,mature,92819906,5,2,2020-03-02T22:39:26Z,2020-03-02T22:40:04Z
31935,263,1448,29201,female,guest,18,course,92819903,6,psychology,2020-03-02T22:39:26Z,2020-03-02T22:40:04Z
31949,263,1448,29215,nonbinary,guest,19,native,92819901,1,1,2020-03-02T23:18:34Z,2020-03-02T23:19:20Z
31949,263,1448,29215,nonbinary,guest,19,employment,92819902,2,15,2020-03-02T23:18:34Z,2020-03-02T23:19:20Z
31949,263,1448,29215,nonbinary,guest,19,accom,92819904,3,2,2020-03-02T23:18:34Z,2020-03-02T23:19:20Z
31949,263,1448,29215,nonbinary,guest,19,year,92819905,4,2,2020-03-02T23:18:34Z,2020-03-02T23:19:20Z
31949,263,1448,29215,nonbinary,guest,19,mature,92819906,5,2,2020-03-02T23:18:34Z,2020-03-02T23:19:20Z
31949,263,1448,29215,nonbinary,guest,19,course,92819903,6,Philosophy,2020-03-02T23:18:34Z,2020-03-02T23:19:20Z
31988,263,1448,29255,female,guest,19,native,92819901,1,2,2020-03-03T12:02:42Z,2020-03-03T12:04:33Z
31988,263,1448,29255,female,guest,19,employment,92819902,2,0,2020-03-03T12:02:42Z,2020-03-03T12:04:33Z
31988,263,1448,29255,female,guest,19,accom,92819904,3,3,2020-03-03T12:02:42Z,2020-03-03T12:04:33Z
31988,263,1448,29255,female,guest,19,year,92819905,4,1,2020-03-03T12:02:42Z,2020-03-03T12:04:33Z
31988,263,1448,29255,female,guest,19,mature,92819906,5,2,2020-03-03T12:02:42Z,2020-03-03T12:04:33Z
31988,263,1448,29255,female,guest,19,course,92819903,6,Nursing,2020-03-03T12:02:42Z,2020-03-03T12:04:33Z
31994,263,1448,29255,female,guest,19,native,92819901,1,1,2020-03-03T12:15:48Z,2020-03-03T12:17:00Z
31994,263,1448,29255,female,guest,19,employment,92819902,2,30,2020-03-03T12:15:48Z,2020-03-03T12:17:00Z
31994,263,1448,29255,female,guest,19,accom,92819904,3,2,2020-03-03T12:15:48Z,2020-03-03T12:17:00Z
31994,263,1448,29255,female,guest,19,year,92819905,4,1,2020-03-03T12:15:48Z,2020-03-03T12:17:00Z
31994,263,1448,29255,female,guest,19,mature,92819906,5,2,2020-03-03T12:15:48Z,2020-03-03T12:17:00Z
31994,263,1448,29255,female,guest,19,course,92819903,6,Maths,2020-03-03T12:15:48Z,2020-03-03T12:17:00Z
31998,263,1448,29255,female,guest,19,native,92819901,1,1,2020-03-03T12:24:24Z,2020-03-03T12:24:58Z
31998,263,1448,29255,female,guest,19,employment,92819902,2,12,2020-03-03T12:24:24Z,2020-03-03T12:24:58Z
31998,263,1448,29255,female,guest,19,accom,92819904,3,1,2020-03-03T12:24:24Z,2020-03-03T12:24:58Z
31998,263,1448,29255,female,guest,19,year,92819905,4,1,2020-03-03T12:24:24Z,2020-03-03T12:24:58Z
31998,263,1448,29255,female,guest,19,mature,92819906,5,2,2020-03-03T12:24:24Z,2020-03-03T12:24:58Z
31998,263,1448,29255,female,guest,19,course,92819903,6,Biology,2020-03-03T12:24:24Z,2020-03-03T12:24:58Z
32003,263,1448,29255,female,guest,19,native,92819901,1,2,2020-03-03T12:31:58Z,2020-03-03T12:32:52Z
32003,263,1448,29255,female,guest,19,employment,92819902,2,0,2020-03-03T12:31:58Z,2020-03-03T12:32:52Z
32003,263,1448,29255,female,guest,19,accom,92819904,3,3,2020-03-03T12:31:58Z,2020-03-03T12:32:52Z
32003,263,1448,29255,female,guest,19,year,92819905,4,1,2020-03-03T12:31:58Z,2020-03-03T12:32:52Z
32003,263,1448,29255,female,guest,19,mature,92819906,5,2,2020-03-03T12:31:58Z,2020-03-03T12:32:52Z
32003,263,1448,29255,female,guest,19,course,92819903,6,Biology,2020-03-03T12:31:58Z,2020-03-03T12:32:52Z
32008,263,1448,29255,female,guest,19,native,92819901,1,1,2020-03-03T12:39:25Z,2020-03-03T12:40:07Z
32008,263,1448,29255,female,guest,19,employment,92819902,2,27,2020-03-03T12:39:25Z,2020-03-03T12:40:07Z
32008,263,1448,29255,female,guest,19,accom,92819904,3,1,2020-03-03T12:39:25Z,2020-03-03T12:40:07Z
32008,263,1448,29255,female,guest,19,year,92819905,4,1,2020-03-03T12:39:25Z,2020-03-03T12:40:07Z
32008,263,1448,29255,female,guest,19,mature,92819906,5,2,2020-03-03T12:39:25Z,2020-03-03T12:40:07Z
32008,263,1448,29255,female,guest,19,course,92819903,6,Civil engineering,2020-03-03T12:39:25Z,2020-03-03T12:40:07Z
32087,263,1448,29334,male,guest,18,native,92819901,1,1,2020-03-03T18:12:22Z,2020-03-03T18:13:27Z
32087,263,1448,29334,male,guest,18,employment,92819902,2,0,2020-03-03T18:12:22Z,2020-03-03T18:13:27Z
32087,263,1448,29334,male,guest,18,accom,92819904,3,1,2020-03-03T18:12:22Z,2020-03-03T18:13:27Z
32087,263,1448,29334,male,guest,18,year,92819905,4,1,2020-03-03T18:12:22Z,2020-03-03T18:13:27Z
32087,263,1448,29334,male,guest,18,mature,92819906,5,2,2020-03-03T18:12:22Z,2020-03-03T18:13:27Z
32087,263,1448,29334,male,guest,18,course,92819903,6,Engineering,2020-03-03T18:12:22Z,2020-03-03T18:13:27Z
32095,263,1448,29341,NA,guest,NA,native,92819901,1,1,2020-03-03T18:43:44Z,2020-03-03T18:44:41Z
32095,263,1448,29341,NA,guest,NA,employment,92819902,2,12,2020-03-03T18:43:44Z,2020-03-03T18:44:41Z
32095,263,1448,29341,NA,guest,NA,accom,92819904,3,3,2020-03-03T18:43:44Z,2020-03-03T18:44:41Z
32095,263,1448,29341,NA,guest,NA,year,92819905,4,1,2020-03-03T18:43:44Z,2020-03-03T18:44:41Z
32095,263,1448,29341,NA,guest,NA,mature,92819906,5,2,2020-03-03T18:43:44Z,2020-03-03T18:44:41Z
32095,263,1448,29341,NA,guest,NA,course,92819903,6,psychology,2020-03-03T18:43:44Z,2020-03-03T18:44:41Z
32815,263,1448,30075,female,guest,18,native,92819901,1,1,2020-03-05T16:40:54Z,2020-03-05T16:41:44Z
32815,263,1448,30075,female,guest,18,employment,92819902,2,0,2020-03-05T16:40:54Z,2020-03-05T16:41:44Z
32815,263,1448,30075,female,guest,18,accom,92819904,3,1,2020-03-05T16:40:54Z,2020-03-05T16:41:44Z
32815,263,1448,30075,female,guest,18,year,92819905,4,1,2020-03-05T16:40:54Z,2020-03-05T16:41:44Z
32815,263,1448,30075,female,guest,18,mature,92819906,5,2,2020-03-05T16:40:54Z,2020-03-05T16:41:44Z
32815,263,1448,30075,female,guest,18,course,92819903,6,english literature,2020-03-05T16:40:54Z,2020-03-05T16:41:44Z
34020,263,1448,31095,male,guest,56,native,92819901,1,1,2020-03-16T15:57:41Z,2020-03-16T15:58:13Z
34020,263,1448,31095,male,guest,56,employment,92819902,2,8,2020-03-16T15:57:41Z,2020-03-16T15:58:13Z
34020,263,1448,31095,male,guest,56,accom,92819904,3,3,2020-03-16T15:57:41Z,2020-03-16T15:58:13Z
34020,263,1448,31095,male,guest,56,year,92819905,4,6,2020-03-16T15:57:41Z,2020-03-16T15:58:13Z
34020,263,1448,31095,male,guest,56,mature,92819906,5,1,2020-03-16T15:57:41Z,2020-03-16T15:58:13Z
34020,263,1448,31095,male,guest,56,course,92819903,6,Psychology,2020-03-16T15:57:41Z,2020-03-16T15:58:13Z
34334,263,1448,31393,female,guest,51,native,92819901,1,2,2020-03-20T08:30:32Z,2020-03-20T08:32:27Z
34334,263,1448,31393,female,guest,51,employment,92819902,2,28,2020-03-20T08:30:32Z,2020-03-20T08:32:27Z
34334,263,1448,31393,female,guest,51,accom,92819904,3,3,2020-03-20T08:30:32Z,2020-03-20T08:32:27Z
34334,263,1448,31393,female,guest,51,year,92819905,4,2,2020-03-20T08:30:32Z,2020-03-20T08:32:27Z
34334,263,1448,31393,female,guest,51,mature,92819906,5,3,2020-03-20T08:30:32Z,2020-03-20T08:32:27Z
34334,263,1448,31393,female,guest,51,course,92819903,6,psychology,2020-03-20T08:30:32Z,2020-03-20T08:32:27Z
40706,263,1448,37212,female,guest,21,native,92819901,1,1,2020-09-30T09:23:59Z,2020-09-30T09:24:42Z
40706,263,1448,37212,female,guest,21,employment,92819902,2,0,2020-09-30T09:23:59Z,2020-09-30T09:24:42Z
40706,263,1448,37212,female,guest,21,accom,92819904,3,1,2020-09-30T09:23:59Z,2020-09-30T09:24:42Z
40706,263,1448,37212,female,guest,21,year,92819905,4,6,2020-09-30T09:23:59Z,2020-09-30T09:24:42Z
40706,263,1448,37212,female,guest,21,mature,92819906,5,3,2020-09-30T09:23:59Z,2020-09-30T09:24:42Z
40706,263,1448,37212,female,guest,21,course,92819903,6,psychology covnersion,2020-09-30T09:23:59Z,2020-09-30T09:24:42Z
40745,263,1448,37239,female,guest,23,native,92819901,1,2,2020-10-01T17:19:25Z,2020-10-01T17:20:17Z
40745,263,1448,37239,female,guest,23,employment,92819902,2,0,2020-10-01T17:19:25Z,2020-10-01T17:20:17Z
40745,263,1448,37239,female,guest,23,accom,92819904,3,1,2020-10-01T17:19:25Z,2020-10-01T17:20:17Z
40745,263,1448,37239,female,guest,23,year,92819905,4,6,2020-10-01T17:19:25Z,2020-10-01T17:20:17Z
40745,263,1448,37239,female,guest,23,mature,92819906,5,3,2020-10-01T17:19:25Z,2020-10-01T17:20:17Z
40745,263,1448,37239,female,guest,23,course,92819903,6,Psychology,2020-10-01T17:19:25Z,2020-10-01T17:20:17Z
40745,263,1448,37239,female,guest,23,native,92819901,1,2,2020-10-02T12:13:10Z,2020-10-02T12:13:38Z
40745,263,1448,37239,female,guest,23,employment,92819902,2,0,2020-10-02T12:13:10Z,2020-10-02T12:13:38Z
40745,263,1448,37239,female,guest,23,accom,92819904,3,1,2020-10-02T12:13:10Z,2020-10-02T12:13:38Z
40745,263,1448,37239,female,guest,23,year,92819905,4,6,2020-10-02T12:13:10Z,2020-10-02T12:13:38Z
40745,263,1448,37239,female,guest,23,mature,92819906,5,3,2020-10-02T12:13:10Z,2020-10-02T12:13:38Z
40745,263,1448,37239,female,guest,23,course,92819903,6,Psychology,2020-10-02T12:13:10Z,2020-10-02T12:13:38Z
40775,263,1448,37273,female,guest,28,native,92819901,1,2,2020-10-03T19:50:18Z,2020-10-03T19:51:26Z
40775,263,1448,37273,female,guest,28,employment,92819902,2,0,2020-10-03T19:50:18Z,2020-10-03T19:51:26Z
40775,263,1448,37273,female,guest,28,accom,92819904,3,2,2020-10-03T19:50:18Z,2020-10-03T19:51:26Z
40775,263,1448,37273,female,guest,28,year,92819905,4,6,2020-10-03T19:50:18Z,2020-10-03T19:51:26Z
40775,263,1448,37273,female,guest,28,mature,92819906,5,NULL,2020-10-03T19:50:18Z,2020-10-03T19:51:26Z
40775,263,1448,37273,female,guest,28,course,92819903,6,Psychology,2020-10-03T19:50:18Z,2020-10-03T19:51:26Z
40863,263,1448,37341,female,guest,22,native,92819901,1,2,2020-10-06T06:44:51Z,2020-10-06T06:46:42Z
40863,263,1448,37341,female,guest,22,employment,92819902,2,3,2020-10-06T06:44:51Z,2020-10-06T06:46:42Z
40863,263,1448,37341,female,guest,22,accom,92819904,3,2,2020-10-06T06:44:51Z,2020-10-06T06:46:42Z
40863,263,1448,37341,female,guest,22,year,92819905,4,6,2020-10-06T06:44:51Z,2020-10-06T06:46:42Z
40863,263,1448,37341,female,guest,22,mature,92819906,5,2,2020-10-06T06:44:51Z,2020-10-06T06:46:42Z
40863,263,1448,37341,female,guest,22,course,92819903,6,psychology,2020-10-06T06:44:51Z,2020-10-06T06:46:42Z
40916,263,1448,37371,NA,guest,NA,native,92819901,1,2,2020-10-08T13:57:01Z,2020-10-08T14:00:36Z
40916,263,1448,37371,NA,guest,NA,employment,92819902,2,0,2020-10-08T13:57:01Z,2020-10-08T14:00:36Z
40916,263,1448,37371,NA,guest,NA,accom,92819904,3,2,2020-10-08T13:57:01Z,2020-10-08T14:00:36Z
40916,263,1448,37371,NA,guest,NA,year,92819905,4,6,2020-10-08T13:57:01Z,2020-10-08T14:00:36Z
40916,263,1448,37371,NA,guest,NA,mature,92819906,5,3,2020-10-08T13:57:01Z,2020-10-08T14:00:36Z
40916,263,1448,37371,NA,guest,NA,course,92819903,6,psychology,2020-10-08T13:57:01Z,2020-10-08T14:00:36Z
46013,263,1448,41189,female,registered,31.9,native,92819901,1,2,2020-11-15T08:39:38Z,2020-11-15T08:43:59Z
46013,263,1448,41189,female,registered,31.9,employment,92819902,2,0,2020-11-15T08:39:38Z,2020-11-15T08:43:59Z
46013,263,1448,41189,female,registered,31.9,accom,92819904,3,2,2020-11-15T08:39:38Z,2020-11-15T08:43:59Z
46013,263,1448,41189,female,registered,31.9,year,92819905,4,6,2020-11-15T08:39:38Z,2020-11-15T08:43:59Z
46013,263,1448,41189,female,registered,31.9,mature,92819906,5,1,2020-11-15T08:39:38Z,2020-11-15T08:43:59Z
46013,263,1448,41189,female,registered,31.9,course,92819903,6,Pharmacy,2020-11-15T08:39:38Z,2020-11-15T08:43:59Z
46993,263,1448,41976,female,guest,20,native,92819901,1,1,2020-11-19T12:22:11Z,2020-11-19T12:22:43Z
46993,263,1448,41976,female,guest,20,employment,92819902,2,6,2020-11-19T12:22:11Z,2020-11-19T12:22:43Z
46993,263,1448,41976,female,guest,20,accom,92819904,3,2,2020-11-19T12:22:11Z,2020-11-19T12:22:43Z
46993,263,1448,41976,female,guest,20,year,92819905,4,3,2020-11-19T12:22:11Z,2020-11-19T12:22:43Z
46993,263,1448,41976,female,guest,20,mature,92819906,5,2,2020-11-19T12:22:11Z,2020-11-19T12:22:43Z
46993,263,1448,41976,female,guest,20,course,92819903,6,Politics,2020-11-19T12:22:11Z,2020-11-19T12:22:43Z
